{"889": {"answer": "\u043f\u0430\u0441\u0441\u0430\u0436\u0438\u0440\u044b", "lang": "ru"}, "2178": {"answer": "\u0441\u0442\u043e\u043b", "lang": "ru"}, "2418": {"answer": "\u041d\u044c\u044e-\u0419\u043e\u0440\u043a", "lang": "ru"}, "2491": {"answer": "\u0434\u0430", "lang": "ru"}, "3043": {"answer": "\u0434\u0430", "lang": "ru"}, "3303": {"answer": "no", "lang": "en"}, "3720": {"answer": "\u0431\u0435\u043b\u0430\u044f", "lang": "ru"}, "4103": {"answer": "\u0434\u0430", "lang": "ru"}, "4256": {"answer": "\u043d\u043e\u0436\u043d\u0438\u0446\u044b", "lang": "ru"}, "4967": {"answer": "\u0434\u0430", "lang": "ru"}}