{"2059.jpg": {"black bag on top of brown small brown stand": [], "the orange briefcase next to the table": [[0, 0, 100, 100], [50, 50, 200, 200]], "passage on the shelf": [], "c on the wall": [[0, 0, 100, 100], [50, 50, 200, 200]], "the picture is on the wall": [], "sketch of person hanging on wall by desk": [[0, 0, 100, 100], [50, 50, 200, 200]], "window topped with piece of decorative white molding": [], "stack of books on top of desk": [], "small white writing desk": [[0, 0, 100, 100], [50, 50, 200, 200]], "shiny white jazzuci tub": [], "picture in a metal frame": [[0, 0, 100, 100], [50, 50, 200, 200]], "woman is gesturing with her left arm and hand": [[0, 0, 100, 100], [50, 50, 200, 200]], "the orange frame on the wall": [], "the ceiling is painted orange": [], "cabinets without any doors": [[0, 0, 100, 100], [50, 50, 200, 200]], "off white track lighting on ceiling": [[0, 0, 100, 100], [50, 50, 200, 200]], "table leg painted with white paint": []}, "2331898.jpg": {"\u0441\u0442\u0435\u043d\u0430 \u0437\u0435\u043b\u0435\u043d\u043e\u0433\u043e \u0434\u043e\u043c\u0430": [[0, 0, 100, 100], [50, 50, 200, 200]], "\u0442\u043e\u043b\u0441\u0442\u043e\u0435 \u0437\u0435\u043b\u0435\u043d\u043e\u0435 \u0434\u0435\u0440\u0435\u0432\u043e \u0440\u044f\u0434\u043e\u043c \u0441 \u0443\u043b\u0438\u0446\u0435\u0439": [[0, 0, 100, 100], [50, 50, 200, 200]], "\u0441\u0442\u043e\u043b\u0438\u043a \u0440\u044f\u0434\u043e\u043c \u0441 \u0434\u0438\u0432\u0430\u043d\u043e\u043c": [], "\u0431\u0435\u043b\u0430\u044f \u0440\u0443\u0447\u043a\u0430 \u043d\u0430 \u043f\u043b\u0438\u0442\u0435": [[0, 0, 100, 100], [50, 50, 200, 200]], "\u0437\u0434\u0430\u043d\u0438\u0435 \u0441\u043e \u0441\u0442\u0435\u043a\u043b\u044f\u043d\u043d\u044b\u043c \u043e\u043a\u043d\u043e\u043c": [[0, 0, 100, 100], [50, 50, 200, 200]], "\u0434\u0432\u0435 \u0447\u0430\u0448\u043a\u0438 \u0440\u044f\u0434\u043e\u043c \u0434\u0440\u0443\u0433 \u0441 \u0434\u0440\u0443\u0433\u043e\u043c": [[0, 0, 100, 100], [50, 50, 200, 200]], "\u043a\u0440\u044b\u0448\u043a\u0430 \u0437\u0435\u043b\u0435\u043d\u043e\u0433\u043e \u0446\u0432\u0435\u0442\u0430": [[0, 0, 100, 100], [50, 50, 200, 200]], "\u044d\u0442\u043e\u0442 \u043c\u0443\u0436\u0447\u0438\u043d\u0430 \u0433\u043e\u0440\u0434\u0438\u0442\u0441\u044f \u0434\u0435\u0432\u0443\u0448\u043a\u043e\u0439": [[0, 0, 100, 100], [50, 50, 200, 200]], "\u0441\u0442\u0435\u043a\u043b\u044f\u043d\u043d\u0430\u044f \u0432\u0430\u0440\u043e\u0447\u043d\u0430\u044f \u043f\u0430\u043d\u0435\u043b\u044c": [[0, 0, 100, 100], [50, 50, 200, 200]], "\u043f\u0440\u0435\u0434\u043c\u0435\u0442\u044b \u0432 \u0440\u0430\u043c\u0430\u0445 \u043d\u0430 \u0441\u0442\u0435\u043d\u0435": [[0, 0, 100, 100], [50, 50, 200, 200]], "\u043a\u0443\u0445\u043e\u043d\u043d\u044b\u0439 \u0440\u0430\u0431\u043e\u0447\u0438\u0439 \u0441\u0442\u043e\u043b": [[0, 0, 100, 100], [50, 50, 200, 200]], "\u0431\u0443\u043a\u0435\u0442 \u0446\u0432\u0435\u0442\u043e\u0432 \u043d\u0430 \u043a\u043d\u0438\u0436\u043d\u043e\u043c \u0448\u043a\u0430\u0444\u0443": [[0, 0, 100, 100], [50, 50, 200, 200]], "\u0441\u0442\u0435\u043a\u043b\u044f\u043d\u043d\u0430\u044f \u043f\u0430\u043d\u0435\u043b\u044c \u043d\u0430 \u0437\u0434\u0430\u043d\u0438\u0438": [], "\u0431\u0435\u043b\u044b\u0439 \u0444\u043b\u0430\u043a\u043e\u043d \u0443\u0432\u043b\u0430\u0436\u043d\u044f\u044e\u0449\u0435\u0433\u043e \u043a\u0440\u0435\u043c\u0430": [[0, 0, 100, 100], [50, 50, 200, 200]], "\u044d\u0442\u043e \u043a\u0440\u044b\u0448\u043a\u0430": [], "\u043c\u0435\u0442\u0430\u043b\u043b\u0438\u0447\u0435\u0441\u043a\u0430\u044f \u0440\u0430\u043a\u043e\u0432\u0438\u043d\u0430": [[0, 0, 100, 100], [50, 50, 200, 200]], "\u043a\u043d\u0438\u0433\u0438 \u043d\u0430 \u043f\u043e\u043b\u043a\u0435": [[0, 0, 100, 100], [50, 50, 200, 200]], "\u044d\u0442\u043e \u0434\u0438\u0432\u0430\u043d": []}, "2324846.jpg": {"man's shirt is white in color": [[0, 0, 100, 100], [50, 50, 200, 200]], "leg of a person": [[0, 0, 100, 100], [50, 50, 200, 200]], "adult and kid walking": [], "arm of a headstall": [[0, 0, 100, 100], [50, 50, 200, 200]], "white clouds in blue sky": [[0, 0, 100, 100], [50, 50, 200, 200]], "the people were riding the ski lift": [], "there are people on the bench": [], "the ski pole wrist strap": [[0, 0, 100, 100], [50, 50, 200, 200]], "feet of a kickstand": [], "part of a menu": [[0, 0, 100, 100], [50, 50, 200, 200]], "manufacturer of a person": [], "white leather rocking chair": [[0, 0, 100, 100], [50, 50, 200, 200]], "this woman has a pink scarf": [[0, 0, 100, 100], [50, 50, 200, 200]], "the ski boot ski binder": []}, "2384604.jpg": {"a man walking on a sidewalk": [], "a very wet white shirt on the boy": [], "concrete covered in water": [], "design on the jug": [[0, 0, 100, 100], [50, 50, 200, 200]], "white shirt man is wearing": [], "super skinny homeless man": [], "number on a umbrella": [], "large curved windows on a building": [], "man in black baseball cap": [], "a passenger sitting in a carriage": [[0, 0, 100, 100], [50, 50, 200, 200]], "\"honey roasted nuts\" black writing": [[0, 0, 100, 100], [50, 50, 200, 200]], "blue wheels on food cart": [[0, 0, 100, 100], [50, 50, 200, 200]], "a messenger bag slung over a man's shoulder": [], "a man holding a umbrella": [], "motorcycle driving on street": [[0, 0, 100, 100], [50, 50, 200, 200]], "bag man is carrying": [[0, 0, 100, 100], [50, 50, 200, 200]]}, "2347496.jpg": {"a row of dishes above windows": [], "leg of the chair": [], "the brown leather back of the chair": [[0, 0, 100, 100], [50, 50, 200, 200]], "the controller in the hands of the boy": [[0, 0, 100, 100], [50, 50, 200, 200]], "windshield of the cockpit of airplane": [[0, 0, 100, 100], [50, 50, 200, 200]], "mann's hand holding a controller": [], "bedroom in separate room": [], "a rug on the floor": [[0, 0, 100, 100], [50, 50, 200, 200]], "candles near the window": [], "a person wearing a orange shirt": [], "the tv on the table by the couch": [[0, 0, 100, 100], [50, 50, 200, 200]], "long white cord on floor": [[0, 0, 100, 100], [50, 50, 200, 200]], "large white tray on high chair": [], "man drying pans": [], "window in building wall": [], "blue long sleeve t shirt worn by man": [[0, 0, 100, 100], [50, 50, 200, 200]], "person sitting on green chair": [], "a computer monitor": [], "the cards on the fireplace mantle": [[0, 0, 100, 100], [50, 50, 200, 200]], "the balcony": [], "woman sat on pillow": []}, "1896.jpg": {"the building is in the background": [[0, 0, 100, 100], [50, 50, 200, 200]], "tiny chimney holes": [], "interior of a vehicle": [[0, 0, 100, 100], [50, 50, 200, 200]], "the cross on the roof": [], "a building with a big door": [], "the church is stone": [[0, 0, 100, 100], [50, 50, 200, 200]], "white house outside somewhere": [], "the building is brick": [[0, 0, 100, 100], [50, 50, 200, 200]], "pink door on front of building": [], "a statue of a person in the center of the village": [], "a wall on the side of a valley": [], "windows for the attic": [], "the valley on the roof": [[0, 0, 100, 100], [50, 50, 200, 200]], "window on side of tower": [[0, 0, 100, 100], [50, 50, 200, 200]], "chimney on roof": [[0, 0, 100, 100], [50, 50, 200, 200]]}, "2405299.jpg": {"part of a trouser": [[0, 0, 100, 100], [50, 50, 200, 200]], "young boy on right holding an orange frisbee": [[0, 0, 100, 100], [50, 50, 200, 200]], "rusty metal trailer": [], "woman is wearing shorts and a tshirt": [[0, 0, 100, 100], [50, 50, 200, 200]], "blue tank on stand": [[0, 0, 100, 100], [50, 50, 200, 200]], "orange post-it note": [], "boy in pink shirt wearing hat turned backwards": [[0, 0, 100, 100], [50, 50, 200, 200]], "destination in orange lights": [], "tire on the front of a trailer": [[0, 0, 100, 100], [50, 50, 200, 200]], "group of people getting ready to play frisbee": [], "water in channel appears green and murky": [], "wearing his ball blanket backwards": [[0, 0, 100, 100], [50, 50, 200, 200]], "boy on right has on a pair of blue jeans": [], "the grass is green": []}, "2369640.jpg": {"a white lamp shade": [[0, 0, 100, 100], [50, 50, 200, 200]], "white sheet covering recliner": [], "black microwave above the oven": [[0, 0, 100, 100], [50, 50, 200, 200]], "remote control on man's lap": [[0, 0, 100, 100], [50, 50, 200, 200]], "a man in a yellow jacket": [], "cream colored laminate tile floor in the kitchen": [], "red closed door of the room": [], "an old man with white hair and glasses": [], "white wall by train tracks": [[0, 0, 100, 100], [50, 50, 200, 200]], "a grey lamp shade": [[0, 0, 100, 100], [50, 50, 200, 200]], "man squatting down": [[0, 0, 100, 100], [50, 50, 200, 200]], "woman with dark blonde hair": [[0, 0, 100, 100], [50, 50, 200, 200]], "person standing behind recliner": [[0, 0, 100, 100], [50, 50, 200, 200]], "a white toaster on the counter by the stove": [[0, 0, 100, 100], [50, 50, 200, 200]], "wooden bench with two cats on it": [[0, 0, 100, 100], [50, 50, 200, 200]], "a small green dishwasher beside the fridge": [[0, 0, 100, 100], [50, 50, 200, 200]], "man whose face is partially visible": []}, "2416608.jpg": {"\u043a\u0430\u0440\u0442\u0438\u043d\u043d\u0430\u044f \u0440\u0430\u043c\u0430 \u043d\u0430 \u0441\u0442\u0435\u043d\u0435": [[0, 0, 100, 100], [50, 50, 200, 200]], "\u043b\u044e\u0431\u043e\u043f\u044b\u0442\u043d\u044b\u0439 \u043f\u043e\u0441\u0435\u0442\u0438\u0442\u0435\u043b\u044c": [[0, 0, 100, 100], [50, 50, 200, 200]], "\u0440\u0435\u0431\u0435\u043d\u043e\u043a \u0438 \u043c\u0430\u043b\u044b\u0448 \u043d\u0430 \u043a\u0440\u043e\u0432\u0430\u0442\u0438": [], "\u043e\u0434\u0435\u044f\u043b\u043e": [], "\u043c\u044f\u0433\u043a\u043e\u0435 \u0440\u043e\u0437\u043e\u0432\u043e-\u0437\u0435\u043b\u0435\u043d\u043e\u0435 \u043e\u0434\u0435\u044f\u043b\u043e": [], "\u0441\u0432\u0435\u0442\u043b\u044b\u0435 \u0432\u043e\u043b\u043e\u0441\u044b ": [], "\u043b\u044e\u0434\u0438 \u043d\u0430 \u043a\u0440\u043e\u0432\u0430\u0442\u0438": [], "\u043a\u0440\u0430\u0441\u043d\u044b\u0435 \u0431\u0443\u043a\u0432\u044b \u043d\u0430 \u043a\u043d\u0438\u0433\u0435": [[0, 0, 100, 100], [50, 50, 200, 200]], "\u0431\u0435\u043b\u0430\u044f \u043f\u043e\u0434\u0443\u0448\u043a\u0430 \u0438 \u0440\u0435\u0431\u0435\u043d\u043e\u043a, \u043f\u043e\u043b\u043e\u0436\u0438\u0432\u0448\u0438\u0439 \u043d\u0430 \u043d\u0435\u0435 \u0433\u043e\u043b\u043e\u0432\u0443": [[0, 0, 100, 100], [50, 50, 200, 200]], "\u043d\u0435\u0432\u044b\u0441\u043e\u043a\u0438\u0439 \u043c\u0443\u0436\u0447\u0438\u043d\u0430 \u0441\u043f\u0440\u0430\u0432\u0430": [], "\u0431\u0435\u043b\u0430\u044f \u0441\u0442\u0435\u043d\u0430": [[0, 0, 100, 100], [50, 50, 200, 200]], "\u043f\u0430\u0441\u0442\u0443\u0445 \u0432 \u043f\u043e\u043b\u0435": [], "\u0447\u0435\u0440\u043d\u044b\u0439 \u0432\u0435\u0440\u0445 \u043d\u0430 \u0436\u0435\u043b\u0442\u043e\u043c \u043f\u043e\u0436\u0430\u0440\u043d\u043e\u043c \u0448\u043b\u0430\u0433\u0435": [], "\u0440\u0443\u043a\u0430 \u043c\u0443\u0436\u0447\u0438\u043d\u044b": [[0, 0, 100, 100], [50, 50, 200, 200]], "\u043c\u0430\u043b\u0435\u043d\u044c\u043a\u0438\u0439 \u0440\u0435\u0431\u0435\u043d\u043e\u043a": [[0, 0, 100, 100], [50, 50, 200, 200]], "\u0441\u0435\u0440\u0430\u044f \u043e\u0433\u0440\u0430\u0436\u0434\u0430\u044e\u0449\u0430\u044f \u0441\u0442\u0435\u043d\u0430 ": [[0, 0, 100, 100], [50, 50, 200, 200]], "\u043e\u0447\u0435\u043d\u044c \u0441\u0447\u0430\u0441\u0442\u043b\u0438\u0432\u044b\u0439 \u043a\u043b\u043e\u0443\u043d, \u0442\u0430\u043d\u0446\u0443\u044e\u0449\u0438\u0439 \u043d\u0430 \u0442\u043e\u0440\u0442\u0435": [[0, 0, 100, 100], [50, 50, 200, 200]], "\u0447\u0435\u0440\u043d\u0430\u044f \u0431\u0443\u043a\u0432\u0430 \u043d\u0430 \u043a\u043d\u0438\u0433\u0435": [], "\u044d\u0442\u043e \u043c\u0430\u043b\u0435\u043d\u044c\u043a\u0430\u044f \u0434\u0435\u0432\u043e\u0447\u043a\u0430": [], "\u043e\u043a\u043d\u0430 \u043d\u0430 \u0444\u043e\u0442\u043e": [[0, 0, 100, 100], [50, 50, 200, 200]]}, "2352388.jpg": {"\u043a\u043d\u0438\u0433\u0438 \u0432 \u043a\u043d\u0438\u0436\u043d\u043e\u043c \u0448\u043a\u0430\u0444\u0443": [[0, 0, 100, 100], [50, 50, 200, 200]], "\u043c\u0430\u043b\u044c\u0447\u0438\u043a \u0441 \u0437\u0430\u043a\u0440\u044b\u0442\u044b\u043c\u0438 \u0433\u043b\u0430\u0437\u0430\u043c\u0438": [], "\u0431\u0435\u043b\u044b\u0435 \u044f\u0449\u0438\u043a\u0438 \u0437\u0430 \u0441\u043f\u0438\u043d\u043e\u0439 \u0436\u0435\u043d\u0449\u0438\u043d\u044b": [], "\u0436\u0435\u043d\u0449\u0438\u043d\u0430 \u0432 \u0437\u0435\u043b\u0435\u043d\u043e\u0439 \u0440\u0443\u0431\u0430\u0448\u043a\u0435": [[0, 0, 100, 100], [50, 50, 200, 200]], "\u0441\u043e\u0432\u043e\u043a, \u043f\u0440\u0438\u043a\u0440\u0435\u043f\u043b\u0435\u043d\u043d\u044b\u0439 \u043a \u0440\u0443\u0447\u043a\u0435 \u043c\u0435\u0442\u043b\u044b": [[0, 0, 100, 100], [50, 50, 200, 200]], "\u0447\u0435\u0440\u043d\u0430\u044f \u043a\u043d\u0438\u0436\u043d\u0430\u044f \u043f\u043e\u043b\u043a\u0430 \u0443 \u0441\u0442\u0435\u043d\u044b": [[0, 0, 100, 100], [50, 50, 200, 200]], "\u0441\u0435\u0440\u0435\u0431\u0440\u044f\u043d\u043e\u0435 \u043e\u0436\u0435\u0440\u0435\u043b\u044c\u0435 \u043d\u0430 \u0448\u0435\u0435 \u0436\u0435\u043d\u0449\u0438\u043d\u044b": [], "\u0431\u0435\u043b\u044b\u0439 \u0434\u043e\u0440\u043e\u0436\u043d\u044b\u0439 \u0437\u043d\u0430\u043a": [], "\u0436\u0435\u043d\u0441\u043a\u0430\u044f \u043a\u0440\u0430\u0441\u043d\u0430\u044f \u0440\u0443\u0431\u0430\u0448\u043a\u0430": [], "\u0434\u0432\u0435\u0440\u043d\u044b\u0435 \u0440\u0443\u0447\u043a\u0438": [], "\u044d\u0442\u043e \u043b\u0435\u0434\u0438": [[0, 0, 100, 100], [50, 50, 200, 200]], "\u0436\u0435\u043d\u0449\u0438\u043d\u0430, \u0441\u0442\u043e\u044f\u0449\u0430\u044f \u0443 \u043a\u0430\u043c\u0435\u043d\u043d\u043e\u0439 \u0441\u0442\u0435\u043d\u044b": [[0, 0, 100, 100], [50, 50, 200, 200]], "\u043d\u043e\u0441 \u0436\u0435\u043d\u0449\u0438\u043d\u044b": [], "\u0447\u0435\u0440\u043d\u044b\u0439 \u0448\u043d\u0443\u0440 \u043d\u0430 \u0444\u0435\u043d\u0435": [], "\u0436\u0435\u043d\u0449\u0438\u043d\u0430 \u043d\u0430 \u043f\u0435\u0440\u0435\u0434\u043d\u0435\u043c \u043f\u043b\u0430\u043d\u0435": [[0, 0, 100, 100], [50, 50, 200, 200]], "\u0436\u0435\u043d\u0449\u0438\u043d\u0430 \u0441 \u0434\u043b\u0438\u043d\u043d\u044b\u043c\u0438 \u0431\u0435\u0436\u0435\u0432\u044b\u043c\u0438 \u0432\u043e\u043b\u043e\u0441\u0430\u043c\u0438": [], "\u043f\u043e\u043b\u043e\u0441\u0430\u0442\u044b\u0435 \u043f\u0440\u043e\u0441\u0442\u044b\u043d\u0438": [[0, 0, 100, 100], [50, 50, 200, 200]], "\u0443 \u0436\u0435\u043d\u0449\u0438\u043d\u044b \u0447\u0435\u0440\u043d\u044b\u0435 \u0432\u043e\u043b\u043e\u0441\u044b": [[0, 0, 100, 100], [50, 50, 200, 200]], "\u0447\u0430\u0441\u0442\u044c \u043a\u043d\u0438\u0433\u0438 \u0444\u0438\u043e\u043b\u0435\u0442\u043e\u0432\u043e-\u0431\u0435\u043b\u043e\u0433\u043e \u0446\u0432\u0435\u0442\u0430": []}}