{"248": "def find ( x , par ) : NEW_LINE INDENT if par [ x ] == x : ...", "313": "def find ( x , par ) : NEW_LINE INDENT if par [ x ] == x : ...", "507": "def find ( x , par ) : NEW_LINE INDENT if par [ x ] == x : ...", "623": "def find ( x , par ) : NEW_LINE INDENT if par [ x ] == x : ...", "723": "def find ( x , par ) : NEW_LINE INDENT if par [ x ] == x : ...", "928": "def find ( x , par ) : NEW_LINE INDENT if par [ x ] == x : ...", "978": "def find ( x , par ) : NEW_LINE INDENT if par [ x ] == x : ...", "1366": "def find ( x , par ) : NEW_LINE INDENT if par [ x ] == x : ...", "1422": "def find ( x , par ) : NEW_LINE INDENT if par [ x ] == x : ...", "1642": "def find ( x , par ) : NEW_LINE INDENT if par [ x ] == x : ..."}