{"1896.jpg": ["the building is in the background", "tiny chimney holes", "interior of a vehicle", "the cross on the roof", "a building with a big door", "the church is stone", "white house outside somewhere", "the building is brick", "pink door on front of building", "a statue of a person in the center of the village", "a wall on the side of a valley", "windows for the attic", "the valley on the roof", "window on side of tower", "chimney on roof"], "2059.jpg": ["black bag on top of brown small brown stand", "the orange briefcase next to the table", "passage on the shelf", "c on the wall", "the picture is on the wall", "sketch of person hanging on wall by desk", "window topped with piece of decorative white molding", "stack of books on top of desk", "small white writing desk", "shiny white jazzuci tub", "picture in a metal frame", "woman is gesturing with her left arm and hand", "the orange frame on the wall", "the ceiling is painted orange", "cabinets without any doors", "off white track lighting on ceiling", "table leg painted with white paint"], "2405299.jpg": ["part of a trouser", "young boy on right holding an orange frisbee", "rusty metal trailer", "woman is wearing shorts and a tshirt", "blue tank on stand", "orange post-it note", "boy in pink shirt wearing hat turned backwards", "destination in orange lights", "tire on the front of a trailer", "group of people getting ready to play frisbee", "water in channel appears green and murky", "wearing his ball blanket backwards", "boy on right has on a pair of blue jeans", "the grass is green"], "2384604.jpg": ["a man walking on a sidewalk", "a very wet white shirt on the boy", "concrete covered in water", "design on the jug", "white shirt man is wearing", "super skinny homeless man", "number on a umbrella", "large curved windows on a building", "man in black baseball cap", "a passenger sitting in a carriage", "\"honey roasted nuts\" black writing", "blue wheels on food cart", "a messenger bag slung over a man's shoulder", "a man holding a umbrella", "motorcycle driving on street", "bag man is carrying"], "2369640.jpg": ["a white lamp shade", "white sheet covering recliner", "black microwave above the oven", "remote control on man's lap", "a man in a yellow jacket", "cream colored laminate tile floor in the kitchen", "red closed door of the room", "an old man with white hair and glasses", "white wall by train tracks", "a grey lamp shade", "man squatting down", "woman with dark blonde hair", "person standing behind recliner", "a white toaster on the counter by the stove", "wooden bench with two cats on it", "a small green dishwasher beside the fridge", "man whose face is partially visible"], "2347496.jpg": ["a row of dishes above windows", "leg of the chair", "the brown leather back of the chair", "the controller in the hands of the boy", "windshield of the cockpit of airplane", "mann's hand holding a controller", "bedroom in separate room", "a rug on the floor", "candles near the window", "a person wearing a orange shirt", "the tv on the table by the couch", "long white cord on floor", "large white tray on high chair", "man drying pans", "window in building wall", "blue long sleeve t shirt worn by man", "person sitting on green chair", "a computer monitor", "the cards on the fireplace mantle", "the balcony", "woman sat on pillow"], "2324846.jpg": ["man's shirt is white in color", "leg of a person", "adult and kid walking", "arm of a headstall", "white clouds in blue sky", "the people were riding the ski lift", "there are people on the bench", "the ski pole wrist strap", "feet of a kickstand", "part of a menu", "manufacturer of a person", "white leather rocking chair", "this woman has a pink scarf", "the ski boot ski binder"], "2352388.jpg": ["\u043a\u043d\u0438\u0433\u0438 \u0432 \u043a\u043d\u0438\u0436\u043d\u043e\u043c \u0448\u043a\u0430\u0444\u0443", "\u043c\u0430\u043b\u044c\u0447\u0438\u043a \u0441 \u0437\u0430\u043a\u0440\u044b\u0442\u044b\u043c\u0438 \u0433\u043b\u0430\u0437\u0430\u043c\u0438", "\u0431\u0435\u043b\u044b\u0435 \u044f\u0449\u0438\u043a\u0438 \u0437\u0430 \u0441\u043f\u0438\u043d\u043e\u0439 \u0436\u0435\u043d\u0449\u0438\u043d\u044b", "\u0436\u0435\u043d\u0449\u0438\u043d\u0430 \u0432 \u0437\u0435\u043b\u0435\u043d\u043e\u0439 \u0440\u0443\u0431\u0430\u0448\u043a\u0435", "\u0441\u043e\u0432\u043e\u043a, \u043f\u0440\u0438\u043a\u0440\u0435\u043f\u043b\u0435\u043d\u043d\u044b\u0439 \u043a \u0440\u0443\u0447\u043a\u0435 \u043c\u0435\u0442\u043b\u044b", "\u0447\u0435\u0440\u043d\u0430\u044f \u043a\u043d\u0438\u0436\u043d\u0430\u044f \u043f\u043e\u043b\u043a\u0430 \u0443 \u0441\u0442\u0435\u043d\u044b", "\u0441\u0435\u0440\u0435\u0431\u0440\u044f\u043d\u043e\u0435 \u043e\u0436\u0435\u0440\u0435\u043b\u044c\u0435 \u043d\u0430 \u0448\u0435\u0435 \u0436\u0435\u043d\u0449\u0438\u043d\u044b", "\u0431\u0435\u043b\u044b\u0439 \u0434\u043e\u0440\u043e\u0436\u043d\u044b\u0439 \u0437\u043d\u0430\u043a", "\u0436\u0435\u043d\u0441\u043a\u0430\u044f \u043a\u0440\u0430\u0441\u043d\u0430\u044f \u0440\u0443\u0431\u0430\u0448\u043a\u0430", "\u0434\u0432\u0435\u0440\u043d\u044b\u0435 \u0440\u0443\u0447\u043a\u0438", "\u044d\u0442\u043e \u043b\u0435\u0434\u0438", "\u0436\u0435\u043d\u0449\u0438\u043d\u0430, \u0441\u0442\u043e\u044f\u0449\u0430\u044f \u0443 \u043a\u0430\u043c\u0435\u043d\u043d\u043e\u0439 \u0441\u0442\u0435\u043d\u044b", "\u043d\u043e\u0441 \u0436\u0435\u043d\u0449\u0438\u043d\u044b", "\u0447\u0435\u0440\u043d\u044b\u0439 \u0448\u043d\u0443\u0440 \u043d\u0430 \u0444\u0435\u043d\u0435", "\u0436\u0435\u043d\u0449\u0438\u043d\u0430 \u043d\u0430 \u043f\u0435\u0440\u0435\u0434\u043d\u0435\u043c \u043f\u043b\u0430\u043d\u0435", "\u0436\u0435\u043d\u0449\u0438\u043d\u0430 \u0441 \u0434\u043b\u0438\u043d\u043d\u044b\u043c\u0438 \u0431\u0435\u0436\u0435\u0432\u044b\u043c\u0438 \u0432\u043e\u043b\u043e\u0441\u0430\u043c\u0438", "\u043f\u043e\u043b\u043e\u0441\u0430\u0442\u044b\u0435 \u043f\u0440\u043e\u0441\u0442\u044b\u043d\u0438", "\u0443 \u0436\u0435\u043d\u0449\u0438\u043d\u044b \u0447\u0435\u0440\u043d\u044b\u0435 \u0432\u043e\u043b\u043e\u0441\u044b", "\u0447\u0430\u0441\u0442\u044c \u043a\u043d\u0438\u0433\u0438 \u0444\u0438\u043e\u043b\u0435\u0442\u043e\u0432\u043e-\u0431\u0435\u043b\u043e\u0433\u043e \u0446\u0432\u0435\u0442\u0430"], "2331898.jpg": ["\u0441\u0442\u0435\u043d\u0430 \u0437\u0435\u043b\u0435\u043d\u043e\u0433\u043e \u0434\u043e\u043c\u0430", "\u0442\u043e\u043b\u0441\u0442\u043e\u0435 \u0437\u0435\u043b\u0435\u043d\u043e\u0435 \u0434\u0435\u0440\u0435\u0432\u043e \u0440\u044f\u0434\u043e\u043c \u0441 \u0443\u043b\u0438\u0446\u0435\u0439", "\u0441\u0442\u043e\u043b\u0438\u043a \u0440\u044f\u0434\u043e\u043c \u0441 \u0434\u0438\u0432\u0430\u043d\u043e\u043c", "\u0431\u0435\u043b\u0430\u044f \u0440\u0443\u0447\u043a\u0430 \u043d\u0430 \u043f\u043b\u0438\u0442\u0435", "\u0437\u0434\u0430\u043d\u0438\u0435 \u0441\u043e \u0441\u0442\u0435\u043a\u043b\u044f\u043d\u043d\u044b\u043c \u043e\u043a\u043d\u043e\u043c", "\u0434\u0432\u0435 \u0447\u0430\u0448\u043a\u0438 \u0440\u044f\u0434\u043e\u043c \u0434\u0440\u0443\u0433 \u0441 \u0434\u0440\u0443\u0433\u043e\u043c", "\u043a\u0440\u044b\u0448\u043a\u0430 \u0437\u0435\u043b\u0435\u043d\u043e\u0433\u043e \u0446\u0432\u0435\u0442\u0430", "\u044d\u0442\u043e\u0442 \u043c\u0443\u0436\u0447\u0438\u043d\u0430 \u0433\u043e\u0440\u0434\u0438\u0442\u0441\u044f \u0434\u0435\u0432\u0443\u0448\u043a\u043e\u0439", "\u0441\u0442\u0435\u043a\u043b\u044f\u043d\u043d\u0430\u044f \u0432\u0430\u0440\u043e\u0447\u043d\u0430\u044f \u043f\u0430\u043d\u0435\u043b\u044c", "\u043f\u0440\u0435\u0434\u043c\u0435\u0442\u044b \u0432 \u0440\u0430\u043c\u0430\u0445 \u043d\u0430 \u0441\u0442\u0435\u043d\u0435", "\u043a\u0443\u0445\u043e\u043d\u043d\u044b\u0439 \u0440\u0430\u0431\u043e\u0447\u0438\u0439 \u0441\u0442\u043e\u043b", "\u0431\u0443\u043a\u0435\u0442 \u0446\u0432\u0435\u0442\u043e\u0432 \u043d\u0430 \u043a\u043d\u0438\u0436\u043d\u043e\u043c \u0448\u043a\u0430\u0444\u0443", "\u0441\u0442\u0435\u043a\u043b\u044f\u043d\u043d\u0430\u044f \u043f\u0430\u043d\u0435\u043b\u044c \u043d\u0430 \u0437\u0434\u0430\u043d\u0438\u0438", "\u0431\u0435\u043b\u044b\u0439 \u0444\u043b\u0430\u043a\u043e\u043d \u0443\u0432\u043b\u0430\u0436\u043d\u044f\u044e\u0449\u0435\u0433\u043e \u043a\u0440\u0435\u043c\u0430", "\u044d\u0442\u043e \u043a\u0440\u044b\u0448\u043a\u0430", "\u043c\u0435\u0442\u0430\u043b\u043b\u0438\u0447\u0435\u0441\u043a\u0430\u044f \u0440\u0430\u043a\u043e\u0432\u0438\u043d\u0430", "\u043a\u043d\u0438\u0433\u0438 \u043d\u0430 \u043f\u043e\u043b\u043a\u0435", "\u044d\u0442\u043e \u0434\u0438\u0432\u0430\u043d"], "2416608.jpg": ["\u043a\u0430\u0440\u0442\u0438\u043d\u043d\u0430\u044f \u0440\u0430\u043c\u0430 \u043d\u0430 \u0441\u0442\u0435\u043d\u0435", "\u043b\u044e\u0431\u043e\u043f\u044b\u0442\u043d\u044b\u0439 \u043f\u043e\u0441\u0435\u0442\u0438\u0442\u0435\u043b\u044c", "\u0440\u0435\u0431\u0435\u043d\u043e\u043a \u0438 \u043c\u0430\u043b\u044b\u0448 \u043d\u0430 \u043a\u0440\u043e\u0432\u0430\u0442\u0438", "\u043e\u0434\u0435\u044f\u043b\u043e", "\u043c\u044f\u0433\u043a\u043e\u0435 \u0440\u043e\u0437\u043e\u0432\u043e-\u0437\u0435\u043b\u0435\u043d\u043e\u0435 \u043e\u0434\u0435\u044f\u043b\u043e", "\u0441\u0432\u0435\u0442\u043b\u044b\u0435 \u0432\u043e\u043b\u043e\u0441\u044b ", "\u043b\u044e\u0434\u0438 \u043d\u0430 \u043a\u0440\u043e\u0432\u0430\u0442\u0438", "\u043a\u0440\u0430\u0441\u043d\u044b\u0435 \u0431\u0443\u043a\u0432\u044b \u043d\u0430 \u043a\u043d\u0438\u0433\u0435", "\u0431\u0435\u043b\u0430\u044f \u043f\u043e\u0434\u0443\u0448\u043a\u0430 \u0438 \u0440\u0435\u0431\u0435\u043d\u043e\u043a, \u043f\u043e\u043b\u043e\u0436\u0438\u0432\u0448\u0438\u0439 \u043d\u0430 \u043d\u0435\u0435 \u0433\u043e\u043b\u043e\u0432\u0443", "\u043d\u0435\u0432\u044b\u0441\u043e\u043a\u0438\u0439 \u043c\u0443\u0436\u0447\u0438\u043d\u0430 \u0441\u043f\u0440\u0430\u0432\u0430", "\u0431\u0435\u043b\u0430\u044f \u0441\u0442\u0435\u043d\u0430", "\u043f\u0430\u0441\u0442\u0443\u0445 \u0432 \u043f\u043e\u043b\u0435", "\u0447\u0435\u0440\u043d\u044b\u0439 \u0432\u0435\u0440\u0445 \u043d\u0430 \u0436\u0435\u043b\u0442\u043e\u043c \u043f\u043e\u0436\u0430\u0440\u043d\u043e\u043c \u0448\u043b\u0430\u0433\u0435", "\u0440\u0443\u043a\u0430 \u043c\u0443\u0436\u0447\u0438\u043d\u044b", "\u043c\u0430\u043b\u0435\u043d\u044c\u043a\u0438\u0439 \u0440\u0435\u0431\u0435\u043d\u043e\u043a", "\u0441\u0435\u0440\u0430\u044f \u043e\u0433\u0440\u0430\u0436\u0434\u0430\u044e\u0449\u0430\u044f \u0441\u0442\u0435\u043d\u0430 ", "\u043e\u0447\u0435\u043d\u044c \u0441\u0447\u0430\u0441\u0442\u043b\u0438\u0432\u044b\u0439 \u043a\u043b\u043e\u0443\u043d, \u0442\u0430\u043d\u0446\u0443\u044e\u0449\u0438\u0439 \u043d\u0430 \u0442\u043e\u0440\u0442\u0435", "\u0447\u0435\u0440\u043d\u0430\u044f \u0431\u0443\u043a\u0432\u0430 \u043d\u0430 \u043a\u043d\u0438\u0433\u0435", "\u044d\u0442\u043e \u043c\u0430\u043b\u0435\u043d\u044c\u043a\u0430\u044f \u0434\u0435\u0432\u043e\u0447\u043a\u0430", "\u043e\u043a\u043d\u0430 \u043d\u0430 \u0444\u043e\u0442\u043e"]}