{"1896.jpg": {"window on side of tower": [[196, 145, 32, 59]], "a statue of a person in the center of the village": [[159, 337, 18, 36]], "white house outside somewhere": [[95, 327, 336, 146]], "the church is stone": [[404, 145, 192, 280]], "the building is brick": [[40, 227, 193, 154]], "chimney on roof": [[190, 351, 24, 37]], "tiny chimney holes": [[182, 338, 66, 48]], "the cross on the roof": [[490, 146, 27, 16]], "the building is in the background": [], "interior of a vehicle": [], "a building with a big door": [], "pink door on front of building": [], "a wall on the side of a valley": [], "windows for the attic": [], "the valley on the roof": []}, "2059.jpg": {"the picture is on the wall": [[334, 145, 78, 88]], "table leg painted with white paint": [[368, 442, 24, 156], [195, 406, 18, 126]], "picture in a metal frame": [[436, 1, 53, 56]], "black bag on top of brown small brown stand": [[73, 440, 108, 76]], "stack of books on top of desk": [[229, 362, 106, 57]], "sketch of person hanging on wall by desk": [[300, 222, 65, 84]], "small white writing desk": [[180, 383, 228, 214]], "the orange briefcase next to the table": [], "passage on the shelf": [], "c on the wall": [], "window topped with piece of decorative white molding": [], "shiny white jazzuci tub": [], "woman is gesturing with her left arm and hand": [], "the orange frame on the wall": [], "the ceiling is painted orange": [], "cabinets without any doors": [], "off white track lighting on ceiling": []}, "2405299.jpg": {"blue tank on stand": [[13, 39, 57, 123]], "rusty metal trailer": [[245, 119, 105, 78]], "tire on the front of a trailer": [[306, 123, 47, 25]], "part of a trouser": [[251, 307, 18, 41]], "young boy on right holding an orange frisbee": [[306, 173, 77, 200]], "group of people getting ready to play frisbee": [[36, 55, 454, 316]], "boy on right has on a pair of blue jeans": [[240, 245, 50, 125]], "the grass is green": [[393, 187, 77, 31]], "woman is wearing shorts and a tshirt": [], "orange post-it note": [], "boy in pink shirt wearing hat turned backwards": [], "destination in orange lights": [], "water in channel appears green and murky": [], "wearing his ball blanket backwards": []}, "2384604.jpg": {"a man walking on a sidewalk": [[31, 83, 177, 325]], "a man holding a umbrella": [[36, 92, 167, 145]], "concrete covered in water": [[168, 319, 82, 81]], "man in black baseball cap": [[291, 123, 96, 224]], "white shirt man is wearing": [[48, 140, 122, 105]], "large curved windows on a building": [[50, 29, 57, 72]], "\"honey roasted nuts\" black writing": [[360, 66, 104, 20]], "a messenger bag slung over a man's shoulder": [[85, 153, 84, 132]], "bag man is carrying": [[83, 153, 87, 137]], "a very wet white shirt on the boy": [], "design on the jug": [], "super skinny homeless man": [], "number on a umbrella": [], "a passenger sitting in a carriage": [], "blue wheels on food cart": [], "motorcycle driving on street": []}, "2369640.jpg": {"person standing behind recliner": [[47, 46, 121, 177]], "white sheet covering recliner": [[19, 173, 165, 195]], "cream colored laminate tile floor in the kitchen": [[266, 243, 162, 107]], "a white lamp shade": [[0, 160, 26, 48]], "black microwave above the oven": [[121, 70, 83, 48]], "remote control on man's lap": [[93, 259, 51, 41]], "an old man with white hair and glasses": [[6, 180, 157, 194]], "a white toaster on the counter by the stove": [[198, 130, 24, 21]], "a man in a yellow jacket": [], "red closed door of the room": [], "white wall by train tracks": [], "a grey lamp shade": [], "man squatting down": [], "woman with dark blonde hair": [], "wooden bench with two cats on it": [], "a small green dishwasher beside the fridge": [], "man whose face is partially visible": []}, "2347496.jpg": {"a computer monitor": [[196, 151, 57, 40]], "a rug on the floor": [[86, 303, 178, 70]], "the brown leather back of the chair": [[365, 265, 130, 109]], "the cards on the fireplace mantle": [[0, 126, 65, 36]], "the controller in the hands of the boy": [[265, 241, 34, 29]], "the tv on the table by the couch": [[194, 149, 60, 44]], "a row of dishes above windows": [[247, 0, 115, 24]], "mann's hand holding a controller": [[260, 251, 24, 25]], "candles near the window": [[322, 91, 32, 55]], "long white cord on floor": [[1, 245, 202, 122]], "blue long sleeve t shirt worn by man": [[267, 270, 112, 104]], "person sitting on green chair": [[255, 236, 121, 137]], "leg of the chair": [], "windshield of the cockpit of airplane": [], "bedroom in separate room": [], "a person wearing a orange shirt": [], "large white tray on high chair": [], "man drying pans": [], "window in building wall": [], "the balcony": [], "woman sat on pillow": []}, "2324846.jpg": {"white clouds in blue sky": [[64, 39, 32, 27], [98, 33, 24, 34], [44, 29, 68, 52], [85, 26, 65, 38], [238, 16, 68, 14], [75, 25, 67, 38]], "the ski boot ski binder": [[258, 280, 35, 15]], "leg of a person": [[313, 206, 70, 102]], "the ski pole wrist strap": [[218, 207, 12, 42]], "the people were riding the ski lift": [[274, 1, 196, 149]], "there are people on the bench": [[267, 13, 167, 139]], "this woman has a pink scarf": [[245, 122, 67, 40]], "man's shirt is white in color": [], "adult and kid walking": [], "arm of a headstall": [], "feet of a kickstand": [], "part of a menu": [], "manufacturer of a person": [], "white leather rocking chair": []}, "2352388.jpg": {"\u043a\u043d\u0438\u0433\u0438 \u0432 \u043a\u043d\u0438\u0436\u043d\u043e\u043c \u0448\u043a\u0430\u0444\u0443": [[255, 2, 157, 243]], "\u0436\u0435\u043d\u0441\u043a\u0430\u044f \u043a\u0440\u0430\u0441\u043d\u0430\u044f \u0440\u0443\u0431\u0430\u0448\u043a\u0430": [[168, 116, 244, 382]], "\u043d\u043e\u0441 \u0436\u0435\u043d\u0449\u0438\u043d\u044b": [[233, 107, 47, 41]], "\u0431\u0435\u043b\u044b\u0435 \u044f\u0449\u0438\u043a\u0438 \u0437\u0430 \u0441\u043f\u0438\u043d\u043e\u0439 \u0436\u0435\u043d\u0449\u0438\u043d\u044b": [[8, 386, 92, 109]], "\u0447\u0435\u0440\u043d\u0430\u044f \u043a\u043d\u0438\u0436\u043d\u0430\u044f \u043f\u043e\u043b\u043a\u0430 \u0443 \u0441\u0442\u0435\u043d\u044b": [[255, 43, 91, 60]], "\u0441\u0435\u0440\u0435\u0431\u0440\u044f\u043d\u043e\u0435 \u043e\u0436\u0435\u0440\u0435\u043b\u044c\u0435 \u043d\u0430 \u0448\u0435\u0435 \u0436\u0435\u043d\u0449\u0438\u043d\u044b": [[242, 204, 29, 29]], "\u044d\u0442\u043e \u043b\u0435\u0434\u0438": [[21, 11, 390, 487]], "\u0447\u0435\u0440\u043d\u044b\u0439 \u0448\u043d\u0443\u0440 \u043d\u0430 \u0444\u0435\u043d\u0435": [[243, 259, 89, 205]], "\u0443 \u0436\u0435\u043d\u0449\u0438\u043d\u044b \u0447\u0435\u0440\u043d\u044b\u0435 \u0432\u043e\u043b\u043e\u0441\u044b": [[110, 48, 62, 82]], "\u043c\u0430\u043b\u044c\u0447\u0438\u043a \u0441 \u0437\u0430\u043a\u0440\u044b\u0442\u044b\u043c\u0438 \u0433\u043b\u0430\u0437\u0430\u043c\u0438": [], "\u0436\u0435\u043d\u0449\u0438\u043d\u0430 \u0432 \u0437\u0435\u043b\u0435\u043d\u043e\u0439 \u0440\u0443\u0431\u0430\u0448\u043a\u0435": [], "\u0441\u043e\u0432\u043e\u043a, \u043f\u0440\u0438\u043a\u0440\u0435\u043f\u043b\u0435\u043d\u043d\u044b\u0439 \u043a \u0440\u0443\u0447\u043a\u0435 \u043c\u0435\u0442\u043b\u044b": [], "\u0431\u0435\u043b\u044b\u0439 \u0434\u043e\u0440\u043e\u0436\u043d\u044b\u0439 \u0437\u043d\u0430\u043a": [], "\u0434\u0432\u0435\u0440\u043d\u044b\u0435 \u0440\u0443\u0447\u043a\u0438": [], "\u0436\u0435\u043d\u0449\u0438\u043d\u0430, \u0441\u0442\u043e\u044f\u0449\u0430\u044f \u0443 \u043a\u0430\u043c\u0435\u043d\u043d\u043e\u0439 \u0441\u0442\u0435\u043d\u044b": [], "\u0436\u0435\u043d\u0449\u0438\u043d\u0430 \u043d\u0430 \u043f\u0435\u0440\u0435\u0434\u043d\u0435\u043c \u043f\u043b\u0430\u043d\u0435": [], "\u0436\u0435\u043d\u0449\u0438\u043d\u0430 \u0441 \u0434\u043b\u0438\u043d\u043d\u044b\u043c\u0438 \u0431\u0435\u0436\u0435\u0432\u044b\u043c\u0438 \u0432\u043e\u043b\u043e\u0441\u0430\u043c\u0438": [], "\u043f\u043e\u043b\u043e\u0441\u0430\u0442\u044b\u0435 \u043f\u0440\u043e\u0441\u0442\u044b\u043d\u0438": [], "\u0447\u0430\u0441\u0442\u044c \u043a\u043d\u0438\u0433\u0438 \u0444\u0438\u043e\u043b\u0435\u0442\u043e\u0432\u043e-\u0431\u0435\u043b\u043e\u0433\u043e \u0446\u0432\u0435\u0442\u0430": []}, "2331898.jpg": {"\u043f\u0440\u0435\u0434\u043c\u0435\u0442\u044b \u0432 \u0440\u0430\u043c\u0430\u0445 \u043d\u0430 \u0441\u0442\u0435\u043d\u0435": [[420, 128, 30, 43]], "\u0437\u0434\u0430\u043d\u0438\u0435 \u0441\u043e \u0441\u0442\u0435\u043a\u043b\u044f\u043d\u043d\u044b\u043c \u043e\u043a\u043d\u043e\u043c": [[221, 142, 27, 40], [250, 140, 30, 36], [222, 127, 31, 10]], "\u0441\u0442\u0435\u043a\u043b\u044f\u043d\u043d\u0430\u044f \u0432\u0430\u0440\u043e\u0447\u043d\u0430\u044f \u043f\u0430\u043d\u0435\u043b\u044c": [[12, 220, 131, 42]], "\u0441\u0442\u043e\u043b\u0438\u043a \u0440\u044f\u0434\u043e\u043c \u0441 \u0434\u0438\u0432\u0430\u043d\u043e\u043c": [[213, 178, 26, 29]], "\u0431\u0435\u043b\u0430\u044f \u0440\u0443\u0447\u043a\u0430 \u043d\u0430 \u043f\u043b\u0438\u0442\u0435": [[91, 253, 66, 46]], "\u044d\u0442\u043e \u043a\u0440\u044b\u0448\u043a\u0430": [[113, 170, 9, 17]], "\u043c\u0435\u0442\u0430\u043b\u043b\u0438\u0447\u0435\u0441\u043a\u0430\u044f \u0440\u0430\u043a\u043e\u0432\u0438\u043d\u0430": [[336, 201, 90, 37]], "\u043a\u043d\u0438\u0433\u0438 \u043d\u0430 \u043f\u043e\u043b\u043a\u0435": [[188, 157, 11, 14]], "\u044d\u0442\u043e \u0434\u0438\u0432\u0430\u043d": [[235, 178, 14, 29]], "\u0441\u0442\u0435\u043d\u0430 \u0437\u0435\u043b\u0435\u043d\u043e\u0433\u043e \u0434\u043e\u043c\u0430": [], "\u0442\u043e\u043b\u0441\u0442\u043e\u0435 \u0437\u0435\u043b\u0435\u043d\u043e\u0435 \u0434\u0435\u0440\u0435\u0432\u043e \u0440\u044f\u0434\u043e\u043c \u0441 \u0443\u043b\u0438\u0446\u0435\u0439": [], "\u0434\u0432\u0435 \u0447\u0430\u0448\u043a\u0438 \u0440\u044f\u0434\u043e\u043c \u0434\u0440\u0443\u0433 \u0441 \u0434\u0440\u0443\u0433\u043e\u043c": [], "\u043a\u0440\u044b\u0448\u043a\u0430 \u0437\u0435\u043b\u0435\u043d\u043e\u0433\u043e \u0446\u0432\u0435\u0442\u0430": [], "\u044d\u0442\u043e\u0442 \u043c\u0443\u0436\u0447\u0438\u043d\u0430 \u0433\u043e\u0440\u0434\u0438\u0442\u0441\u044f \u0434\u0435\u0432\u0443\u0448\u043a\u043e\u0439": [], "\u043a\u0443\u0445\u043e\u043d\u043d\u044b\u0439 \u0440\u0430\u0431\u043e\u0447\u0438\u0439 \u0441\u0442\u043e\u043b": [], "\u0431\u0443\u043a\u0435\u0442 \u0446\u0432\u0435\u0442\u043e\u0432 \u043d\u0430 \u043a\u043d\u0438\u0436\u043d\u043e\u043c \u0448\u043a\u0430\u0444\u0443": [], "\u0441\u0442\u0435\u043a\u043b\u044f\u043d\u043d\u0430\u044f \u043f\u0430\u043d\u0435\u043b\u044c \u043d\u0430 \u0437\u0434\u0430\u043d\u0438\u0438": [], "\u0431\u0435\u043b\u044b\u0439 \u0444\u043b\u0430\u043a\u043e\u043d \u0443\u0432\u043b\u0430\u0436\u043d\u044f\u044e\u0449\u0435\u0433\u043e \u043a\u0440\u0435\u043c\u0430": []}, "2416608.jpg": {"\u043b\u044e\u0434\u0438 \u043d\u0430 \u043a\u0440\u043e\u0432\u0430\u0442\u0438": [[10, 3, 481, 327]], "\u0440\u0435\u0431\u0435\u043d\u043e\u043a \u0438 \u043c\u0430\u043b\u044b\u0448 \u043d\u0430 \u043a\u0440\u043e\u0432\u0430\u0442\u0438": [[180, 103, 175, 204], [176, 99, 184, 230], [180, 99, 219, 194], [168, 105, 197, 164], [160, 92, 241, 187]], "\u0440\u0443\u043a\u0430 \u043c\u0443\u0436\u0447\u0438\u043d\u044b": [[57, 76, 106, 171]], "\u0441\u0432\u0435\u0442\u043b\u044b\u0435 \u0432\u043e\u043b\u043e\u0441\u044b ": [[290, 111, 75, 48]], "\u0447\u0435\u0440\u043d\u0430\u044f \u0431\u0443\u043a\u0432\u0430 \u043d\u0430 \u043a\u043d\u0438\u0433\u0435": [[63, 55, 7, 7], [70, 58, 7, 8], [72, 61, 4, 5], [78, 62, 4, 6], [59, 60, 5, 6], [68, 64, 5, 7]], "\u044d\u0442\u043e \u043c\u0430\u043b\u0435\u043d\u044c\u043a\u0430\u044f \u0434\u0435\u0432\u043e\u0447\u043a\u0430": [[261, 128, 132, 122]], "\u043a\u0430\u0440\u0442\u0438\u043d\u043d\u0430\u044f \u0440\u0430\u043c\u0430 \u043d\u0430 \u0441\u0442\u0435\u043d\u0435": [[0, 8, 255, 108]], "\u043e\u0434\u0435\u044f\u043b\u043e": [[161, 268, 63, 55]], "\u043c\u044f\u0433\u043a\u043e\u0435 \u0440\u043e\u0437\u043e\u0432\u043e-\u0437\u0435\u043b\u0435\u043d\u043e\u0435 \u043e\u0434\u0435\u044f\u043b\u043e": [[111, 265, 167, 64]], "\u0431\u0435\u043b\u0430\u044f \u043f\u043e\u0434\u0443\u0448\u043a\u0430 \u0438 \u0440\u0435\u0431\u0435\u043d\u043e\u043a, \u043f\u043e\u043b\u043e\u0436\u0438\u0432\u0448\u0438\u0439 \u043d\u0430 \u043d\u0435\u0435 \u0433\u043e\u043b\u043e\u0432\u0443": [[222, 95, 207, 100]], "\u0431\u0435\u043b\u0430\u044f \u0441\u0442\u0435\u043d\u0430": [[225, 6, 210, 91]], "\u043c\u0430\u043b\u0435\u043d\u044c\u043a\u0438\u0439 \u0440\u0435\u0431\u0435\u043d\u043e\u043a": [[180, 126, 72, 115]], "\u043b\u044e\u0431\u043e\u043f\u044b\u0442\u043d\u044b\u0439 \u043f\u043e\u0441\u0435\u0442\u0438\u0442\u0435\u043b\u044c": [], "\u043a\u0440\u0430\u0441\u043d\u044b\u0435 \u0431\u0443\u043a\u0432\u044b \u043d\u0430 \u043a\u043d\u0438\u0433\u0435": [], "\u043d\u0435\u0432\u044b\u0441\u043e\u043a\u0438\u0439 \u043c\u0443\u0436\u0447\u0438\u043d\u0430 \u0441\u043f\u0440\u0430\u0432\u0430": [], "\u043f\u0430\u0441\u0442\u0443\u0445 \u0432 \u043f\u043e\u043b\u0435": [], "\u0447\u0435\u0440\u043d\u044b\u0439 \u0432\u0435\u0440\u0445 \u043d\u0430 \u0436\u0435\u043b\u0442\u043e\u043c \u043f\u043e\u0436\u0430\u0440\u043d\u043e\u043c \u0448\u043b\u0430\u0433\u0435": [], "\u0441\u0435\u0440\u0430\u044f \u043e\u0433\u0440\u0430\u0436\u0434\u0430\u044e\u0449\u0430\u044f \u0441\u0442\u0435\u043d\u0430 ": [], "\u043e\u0447\u0435\u043d\u044c \u0441\u0447\u0430\u0441\u0442\u043b\u0438\u0432\u044b\u0439 \u043a\u043b\u043e\u0443\u043d, \u0442\u0430\u043d\u0446\u0443\u044e\u0449\u0438\u0439 \u043d\u0430 \u0442\u043e\u0440\u0442\u0435": [], "\u043e\u043a\u043d\u0430 \u043d\u0430 \u0444\u043e\u0442\u043e": []}}