{"248": "from functools import cmp_to_key \u00a0 \u00a0 \u00a0 \u00a0 \u00a0 def calc_lcp ( s , sa ) : \u00a0 rank = [ 0 for _ in range ( len ( s ) ) ] \u00a0 for i in range ( len ( s ) ) : \u00a0 rank [ sa [ i ] ] = i \u00a0 lcp = [ 0 for _ in range ( len ( s ) - 1 ) ] \u00a0 h = 0 \u00a0 for i in range ( len ( s ) ) : \u00a0 if rank [ i ] < len ( s ) - 1 : \u00a0 while max ( i , sa [ rank [ i ] + 1 ] ) + h < len ( s ) and s [ i + h ] == s [ sa [ rank [ i ] + 1 ] + h ] : \u00a0 h += 1 \u00a0 lcp [ rank [ i ] ] = h \u00a0 if h > 0 : \u00a0 h -= 1 \u00a0 return lcp , rank \u00a0 \u00a0 \u00a0 def suffix_array ( s ) : \u00a0 sa = [ i for i in range ( len ( s ) ) ] \u00a0 rank = [ ord ( s [ i ] ) for i in range ( len ( s ) ) ] \u00a0 k = 1 \u00a0 while k < len ( s ) : \u00a0 key = [ 0 for _ in range ( len ( s ) ) ] \u00a0 base = max ( rank ) + 2 \u00a0 for i in range ( len ( s ) ) : \u00a0 key [ i ] = rank [ i ] * base + ( rank [ i + k ] + 1 if i + k < len ( s ) else 0 ) \u00a0 sa . sort ( key = ( lambda i : key [ i ] ) ) \u00a0 \u00a0 \u00a0 rank [ sa [ 0 ] ] = 0 \u00a0 for i in range ( 1 , len ( s ) ) : \u00a0 rank [ sa [ i ] ] = rank [ sa [ i - 1 ] ] if key [ sa [ i - 1 ] ] == key [ sa [ i ] ] else i \u00a0 k *= 2 \u00a0 NEW_LINE\n", "313": "days = int ( input ( ) ) dailyReq = [ ] dailyPrice = [ ] totalCost = 0 for day in range ( days ) : a , p = input ( ) . split ( ) dailyReq . append ( int ( a ) ) dailyPrice . append ( int ( p ) ) \u00a0 minPrice = dailyPrice [ 0 ] for day in range ( days ) : if ( dailyPrice [ day ] < minPrice ) : minPrice = dailyPrice [ day ] totalCost += dailyReq [ day ] * minPrice \u00a0 print ( totalCost ) \u00a0 NEW_LINE\n", "507": "print ( ( int ( input ( ) ) - 1 ) % 9 + 1 ) NEW_LINE\n", "623": "def countWays ( A , B , C ) : NEW_LINE INDENT minAddA = max ( 0 , ( C + B - A + 2 ) // 2 ) NEW_LINE count_ways = max ( C - minAddA + 1 , 0 ) NEW_LINE return count_ways NEW_LINE DEDENT A = 3 NEW_LINE B = 5 NEW_LINE C = 5 NEW_LINE print ( countWays ( A , B , C ) ) NEW_LINE\n", "723": "import math NEW_LINE def calculate ( a , b , n , m ) : NEW_LINE INDENT mul = 1 NEW_LINE for i in range ( m ) : NEW_LINE INDENT if ( b [ i ] != 0 ) : NEW_LINE INDENT mul = mul * b [ i ] NEW_LINE DEDENT DEDENT for i in range ( n ) : NEW_LINE INDENT x = math . floor ( a [ i ] / mul ) NEW_LINE print ( x , end = \" \u2581 \" ) NEW_LINE DEDENT DEDENT a = [ 5 , 100 , 8 ] NEW_LINE b = [ 2 , 3 ] NEW_LINE n = len ( a ) NEW_LINE m = len ( b ) NEW_LINE calculate ( a , b , n , m ) NEW_LINE\n", "928": "def LeibnizHarmonicTriangle ( n ) : NEW_LINE INDENT C = [ [ 0 for x in range ( n + 1 ) ] for y in range ( n + 1 ) ] ; NEW_LINE for i in range ( 0 , n + 1 ) : NEW_LINE INDENT for j in range ( 0 , min ( i , n ) + 1 ) : NEW_LINE INDENT if ( j == 0 or j == i ) : NEW_LINE INDENT C [ i ] [ j ] = 1 ; NEW_LINE DEDENT else : NEW_LINE INDENT C [ i ] [ j ] = ( C [ i - 1 ] [ j - 1 ] + C [ i - 1 ] [ j ] ) ; NEW_LINE DEDENT DEDENT DEDENT for i in range ( 1 , n + 1 ) : NEW_LINE INDENT for j in range ( 1 , i + 1 ) : NEW_LINE INDENT print ( \"1 / \" , end = \" \" ) ; NEW_LINE print ( i * C [ i - 1 ] [ j - 1 ] , end = \" \u2581 \" ) ; NEW_LINE DEDENT print ( ) ; NEW_LINE DEDENT DEDENT LeibnizHarmonicTriangle ( 4 ) ; NEW_LINE\n", "978": "import sys NEW_LINE def maxProductSum ( string , m ) : NEW_LINE INDENT n = len ( string ) NEW_LINE maxProd , maxSum = ( - ( sys . maxsize ) - 1 , - ( sys . maxsize ) - 1 ) NEW_LINE for i in range ( n - m ) : NEW_LINE INDENT product , sum = 1 , 0 NEW_LINE for j in range ( i , m + i ) : NEW_LINE INDENT product = product * ( ord ( string [ j ] ) - ord ( '0' ) ) NEW_LINE sum = sum + ( ord ( string [ j ] ) - ord ( '0' ) ) NEW_LINE DEDENT maxProd = max ( maxProd , product ) NEW_LINE maxSum = max ( maxSum , sum ) NEW_LINE DEDENT print ( \" Maximum \u2581 Product \u2581 = \" , maxProd ) NEW_LINE print ( \" Maximum \u2581 sum \u2581 = \" , maxSum ) NEW_LINE DEDENT if __name__ == \" _ _ main _ _ \" : NEW_LINE INDENT string = \"3675356291\" NEW_LINE m = 5 NEW_LINE maxProductSum ( string , m ) NEW_LINE DEDENT\n", "1366": "MOD = 1000000007 NEW_LINE def product ( ar , n ) : NEW_LINE INDENT result = 1 NEW_LINE for i in range ( 0 , n ) : NEW_LINE INDENT result = ( result * ar [ i ] ) % MOD NEW_LINE DEDENT return result NEW_LINE DEDENT ar = [ 1 , 2 , 3 , 4 , 5 ] NEW_LINE n = len ( ar ) NEW_LINE print ( product ( ar , n ) ) NEW_LINE\n", "1422": "def decdiagonal ( a ) : NEW_LINE INDENT if ( a < 0 ) : NEW_LINE INDENT return - 1 NEW_LINE DEDENT d = 1.902 * a NEW_LINE return d NEW_LINE DEDENT if __name__ == \" _ _ main _ _ \" : NEW_LINE INDENT a = 9 NEW_LINE print ( decdiagonal ( a ) ) NEW_LINE DEDENT\n", "1642": "C = [ [ 0 for i in range ( 1000 ) ] for i in range ( 1000 ) ] NEW_LINE def binomialCoeff ( n ) : NEW_LINE INDENT i , j = 0 , 0 NEW_LINE for i in range ( n + 1 ) : NEW_LINE INDENT for j in range ( i + 1 ) : NEW_LINE INDENT if ( j == 0 or j == i ) : NEW_LINE INDENT C [ i ] [ j ] = 1 NEW_LINE DEDENT else : NEW_LINE INDENT C [ i ] [ j ] = C [ i - 1 ] [ j - 1 ] +   \\ NEW_LINE INDENT C [ i - 1 ] [ j ] NEW_LINE DEDENT DEDENT DEDENT DEDENT DEDENT def numberOfWays ( x , y , z ) : NEW_LINE INDENT binomialCoeff ( max ( x , max ( y , z ) ) ) NEW_LINE sum = 0 NEW_LINE for i in range ( 1 , z + 1 ) : NEW_LINE INDENT sum = ( sum + C [ z ] [ i ] ) NEW_LINE DEDENT sum1 = 0 NEW_LINE for i in range ( 1 , y + 1 ) : NEW_LINE INDENT for j in range ( i + 1 , x + 1 ) : NEW_LINE INDENT sum1 = ( sum1 + ( C [ y ] [ i ] * C [ x ] [ j ] ) ) NEW_LINE DEDENT DEDENT sum1 = ( sum * sum1 ) NEW_LINE return sum1 NEW_LINE DEDENT x = 3 NEW_LINE y = 2 NEW_LINE z = 1 NEW_LINE print ( numberOfWays ( x , y , z ) ) NEW_LINE\n"}