{"248": "\u00a0 import java . util . ArrayList ; import java . util . Arrays ; import java . util . Scanner ; import java . util . Stack ; \u00a0\u00a0 public class UkkonenForPreXSufEditTest { static int [ ] suffixOccurrences ; static Node root ;\n", "313": "import java . util . Scanner ; \u00a0\u00a0 public class Main { \u00a0 public static void main ( String [ ] args ) { Scanner in = new Scanner ( System . in ) ; int n = in . nextInt ( ) ; int a , b ; int ans = 0 , p = 100 ; for ( int i = 0 ; i < n ; i ++ ) { a = in . nextInt ( ) ; b = in . nextInt ( ) ; p = Math . min ( p , b ) ; ans += p * a ; } System . out . println ( ans ) ; \u00a0 } }\n", "507": "import java . util . * ; public class MyClass { public static void main ( String args [ ] ) { Scanner sc = new Scanner ( System . in ) ; int n = sc . nextInt ( ) ; int s = 0 ; while ( n / 10 > 0 ) { while ( n > 0 ) { s = s + n % 10 ; n = n / 10 ; } n = s ; s = 0 ; } System . out . println ( n ) ; } }\n", "623": "import java . util . * ; class GFG { static int countWays ( int A , int B , int C ) { int minAddA = Math . max ( 0 , ( C + B - A + 2 ) / 2 ) ; int count_ways = Math . max ( C - minAddA + 1 , 0 ) ; return count_ways ; } public static void main ( String args [ ] ) { int A = 3 , B = 5 , C = 5 ; System . out . println ( countWays ( A , B , C ) ) ; } }\n", "723": "import java . io . * ; class GFG { static void calculate ( int a [ ] , int b [ ] , int n , int m ) { int mul = 1 ; for ( int i = 0 ; i < m ; i ++ ) if ( b [ i ] != 0 ) mul = mul * b [ i ] ; for ( int i = 0 ; i < n ; i ++ ) { int x = ( int ) Math . floor ( a [ i ] / mul ) ; System . out . print ( x + \" \u2581 \" ) ; } } public static void main ( String [ ] args ) { int a [ ] = { 5 , 100 , 8 } ; int b [ ] = { 2 , 3 } ; int n = a . length ; int m = b . length ; calculate ( a , b , n , m ) ; } }\n", "928": "import java . io . * ; import java . math . * ; class GFG { static void LeibnizHarmonicTriangle ( int n ) { int C [ ] [ ] = new int [ n + 1 ] [ n + 1 ] ; for ( int i = 0 ; i <= n ; i ++ ) { for ( int j = 0 ; j <= Math . min ( i , n ) ; j ++ ) { if ( j == 0 || j == i ) C [ i ] [ j ] = 1 ; else C [ i ] [ j ] = C [ i - 1 ] [ j - 1 ] + C [ i - 1 ] [ j ] ; } } for ( int i = 1 ; i <= n ; i ++ ) { for ( int j = 1 ; j <= i ; j ++ ) System . out . print ( \"1 / \" + i * C [ i - 1 ] [ j - 1 ] + \" \u2581 \" ) ; System . out . println ( ) ; } } public static void main ( String args [ ] ) { int n = 4 ; LeibnizHarmonicTriangle ( n ) ; } }\n", "978": "import java . io . * ; class GFG { static void maxProductSum ( String str , int m ) { int n = str . length ( ) ; int maxProd = Integer . MIN_VALUE , maxSum = Integer . MIN_VALUE ; for ( int i = 0 ; i < n - m ; i ++ ) { int product = 1 , sum = 0 ; for ( int j = i ; j < m + i ; j ++ ) { product = product * ( str . charAt ( j ) - '0' ) ; sum = sum + ( str . charAt ( j ) - '0' ) ; } maxProd = Math . max ( maxProd , product ) ; maxSum = Math . max ( maxSum , sum ) ; } System . out . println ( \" Maximum \u2581 Product \u2581 = \u2581 \" + maxProd ) ; System . out . print ( \" \\n Maximum \u2581 Sum \u2581 = \u2581 \" + maxSum ) ; } public static void main ( String [ ] args ) { String str = \"3675356291\" ; int m = 5 ; maxProductSum ( str , m ) ; } }\n", "1366": "class GFG { static final int MOD = 1000000007 ; static int product ( int ar [ ] , int n ) { int result = 1 ; for ( int i = 0 ; i < n ; i ++ ) result = ( result * ar [ i ] ) % MOD ; return result ; } public static void main ( String [ ] args ) { int ar [ ] = { 1 , 2 , 3 , 4 , 5 } ; int n = ar . length ; System . out . printf ( \" % d \" , product ( ar , n ) ) ; } }\n", "1422": "import java . util . * ; import java . lang . * ; import java . io . * ; public class GFG { static double decdiagonal ( double a ) { if ( a < 0 ) return - 1 ; double d = 1.902 * a ; return d ; } public static void main ( String [ ] args ) { int a = 9 ; System . out . println ( decdiagonal ( a ) ) ; } }\n", "1642": "class GFG { static int C [ ] [ ] = new int [ 1000 ] [ 1000 ] ; static void binomialCoeff ( int n ) { int i , j ; for ( i = 0 ; i <= n ; i ++ ) { for ( j = 0 ; j <= i ; j ++ ) { if ( j == 0 || j == i ) C [ i ] [ j ] = 1 ; else C [ i ] [ j ] = C [ i - 1 ] [ j - 1 ] + C [ i - 1 ] [ j ] ; } } } static int numberOfWays ( int x , int y , int z ) { binomialCoeff ( Math . max ( x , Math . max ( y , z ) ) ) ; int sum = 0 ; for ( int i = 1 ; i <= z ; i ++ ) { sum = ( sum + C [ z ] [ i ] ) ; } int sum1 = 0 ; for ( int i = 1 ; i <= y ; i ++ ) { for ( int j = i + 1 ; j <= x ; j ++ ) { sum1 = ( sum1 + ( C [ y ] [ i ] * C [ x ] [ j ] ) ) ; } } sum1 = ( sum * sum1 ) ; return sum1 ; } public static void main ( String args [ ] ) { int x = 3 ; int y = 2 ; int z = 1 ; System . out . println ( numberOfWays ( x , y , z ) ) ; } }\n"}